1;1;1;1;1;3;5;7;8;9
1;1;1;1;1;3;5;7;8;9
1;1;1;1;1;3;5;7;8;9
1;1;1;1;1;3;5;7;8;9
1;1;1;1;1;3;5;7;8;9
0.333333333333333;0.333333333333333;0.333333333333333;0.333333333333333;0.333333333333333;1;5;7;8;9
0.2;0.2;0.2;0.2;0.2;0.2;1;7;8;9
0.142857142857143;0.142857142857143;0.142857142857143;0.142857142857143;0.142857142857143;0.142857142857143;0.142857142857143;1;8;9
0.125;0.125;0.125;0.125;0.125;0.125;0.125;0.125;1;9
0.111111111111111;0.111111111111111;0.111111111111111;0.111111111111111;0.111111111111111;0.111111111111111;0.111111111111111;0.111111111111111;0.111111111111111;1
